original,paraphrased,time_taken,difference_score
"The implementation of artificial intelligence in healthcare systems has, you know, revolutionized the way doctors diagnose patients and, like, predict disease outcomes, although there are still many, many challenges that need to be addressed before we can fully rely on these systems for critical medical decisions.","The implementation of artificial intelligence in healthcare systems has revolutionized the way doctors diagnose patients and predict disease outcomes, although there are still many, many challenges that need to be addressed before we can fully rely on these systems for critical medical decisions.",2.9986979961395264,0.15217391304347827
"Despite the fact that climate change is widely acknowledged by scientists all over the world as one of the most pressing issues of our time, many governments have failed to take adequete action to address this issue, which may lead to catastrophic consequences for future generations if we don't act now.","Despite the fact that climate change is widely acknowledged by scientists as one of the most pressing issues of our time, many governments have failed to take any meaningful action to address this issue.",3.264759063720703,0.4285714285714286
"The experiment, which was conducted over a period of approximately six months with a diverse group of participants from various demographic backgrounds, yielded results that were not only statistically significant but also highly relevant to our understanding of human cognitive processes in decision-making scenarios under pressure.","The experiment, which was conducted over a period of approximately six months with a diverse group of participants from various demographic backgrounds, yielded results that were not only statistically significant but also highly relevant to our understanding of human cognitive processes in decision-making scenarios under pressure.",3.284553050994873,0.0
"When we look at the economic impact of the pandemic, we can see that it effected different sectors in different ways, with some industries, such as technology and e-commerce, actually experiencing growth, while others, like tourism and hospitality, suffering severe losses, which has lead to a kind of uneven recovery that policymakers is struggling to address effectively.","When we look at the economic impact of the pandemic, we can see that it effected different sectors in different ways, with some industries, such as technology and e-commerce, actually experiencing growth, while others, like tourism and hospitality, suffering severe losses.",4.501046657562256,0.2941176470588235
"The literature review conducted as part of this study revealled several gaps in existing research, particularly with regards to the long-term effects of the intervention on participants from lower socioeconomic backgrounds, which suggests that further investigation is needed before any definitive conclusions can be drawn about the efficacy of the program across diverse populations.","The literature review conducted as part of this study revealled several gaps in existing research, particularly with regards to the long-term effects of the intervention on participants from lower socioeconomic backgrounds, which suggests that further investigation is needed before any definitive conclusions can be drawn about the efficacy of the program.",3.808854579925537,0.10204081632653061
"The company's quarterly financial report, which was released yesterday afternoon to shareholders and the general public, indicates a 15% increase in revenue compared to the same period last year, despite the ongoing challenges in the global supply chain and the rising costs of raw materials that have been effecting profit margins across the industry.","The company's quarterly financial report, which was released yesterday afternoon to shareholders and the general public, shows a 15 percent increase in revenue compared to the same period last year, despite the ongoing challenges in the global supply chain and rising costs of raw materials.",3.073643207550049,0.30612244897959184
"The professor's lecture on quantum mechanics was, like, super interesting but also extremely complicated, and I'm not sure if I understood all the concepts he was trying to explain, especially when he started talking about wave-particle duality and the uncertainty principle, which were totally confusing, to be honest.","The professor's lecture on quantum mechanics was, like, super interesting but also extremely complicated, and I'm not sure if I understood all the concepts he was trying to explain, especially when he started talking about wave-particle duality and uncertainty principle, which were totally confusing.",3.6457700729370117,0.09090909090909094
"I believe that the proposal put forward by the committee, while well-intentioned and addressing some of the key concerns raised by stakeholders, fails to take into account the practical limitations of implementation within the current regulatory framework and the potential unintended consequences that might arise from such a significant policy shift in this delicate area.","I believe that the proposal put forward by the committee, while well-intentioned and addressing some of the key concerns raised by stakeholders, fails to take into account the practical limitations of implementation within the current regulatory framework and the potential unintended consequences that might arise from such a significant policy shift in this delicate area.",4.1180579662323,0.0
"The data collected from the survey, which included responses from over 5,000 participants across 12 different countries, suggests that there is a strong correlation between early childhood education and later academic success, however, it is important to note that correlation does not necessarily imply causation, and other factors such as socioeconomic status and parental involvement may also play a significant role in determining educational outcomes.","The data collected from the survey, which included responses from over 5,000 participants across 12 different countries, suggests that there is a strong correlation between early childhood education and later academic success, but it is important to note that correlation does not necessarily imply causation.",5.011690616607666,0.35593220338983056
"The film, directed by an up-and-coming filmmaker with a distinctive visual style and innovative approach to storytelling, explores complex themes of identity, belonging, and the human condition in a way that is both intellectually stimulating and emotionally resonant, while also challenging conventional narrative structures and pushing the boundaries of the medium in ways that may alienate more traditional viewers but has garnered significant critical acclaim within the industry.","The film, directed by an up-and-coming filmmaker with a distinctive visual style and innovative approach to storytelling, explores complex themes of identity, belonging and the human condition in a way that is both intellectually stimulating and emotionally resonant, while also challenging conventional narrative structures and pushing the boundaries of the medium in ways that may alienate more traditional viewers.",5.792003631591797,0.2033898305084746
"The reason why this particular approach to solving the problem is, you know, better than the alternatives that have been proposed is because it, like, addresses the root causes rather than just treating the symptoms, which is something that previous solutions have failed to do, and this is why I think we should, um, seriously consider implementing it despite the initial costs and potential resistance from certain stakeholders.","The reason why this particular approach to solving the problem is, you know, better than the alternatives that have been proposed is because it addresses the root causes rather than just treating the symptoms, something that previous solutions have failed to do, and this is why I think we should, um, seriously consider implementing it despite the initial costs and potential resistance from certain stakeholders.",5.204663276672363,0.05555555555555558
"To be quite frankly honest with you, the current situation we are facing in regards to the project timeline is problematic due to the fact that several key deliverables have been delayed, which has subsequently impacted our ability to proceed with the next phase as originally planned, so we might need to reconsider our approach and possibly request an extension from the client.","To be quite frankly honest with you, the current situation we are facing in regards to the project timeline is problematic due to the fact that several key deliverables have been delayed, which has subsequently impacted our ability to proceed with the next phase as originally planned, so we might need to reconsider our approach and possibly request an extension from the client.",4.65075159072876,0.0
"The results of the analysis showeds that the new drug was effective in reducing symptoms in approximately 78% of patients who participated in the clinical trial, with minimal side effects reported, which is a significantly better outcome compared to existing treatments that typically only show improvement in about 45% of cases and often come with severe adverse reactions that impact patient quality of life and treatment adherence.","The results of the study showed that the new drug was effective in reducing symptoms in about 78% of patients who participated in the clinical trial, with minimal side effects reported, a significantly better outcome compared to existing treatments that typically show improvement in about 45% of cases and often come with severe adverse reactions.",4.454397439956665,0.2807017543859649
"During yesterday's conference, the keynote speaker made a compelling argument about how the integration of artificial intelligence and machine learning technologies into everyday business operations is not just a luxury but an absolute necessity for companies that wishes to remain competitive in an increasingly digital marketplace, although she did acknowledge that the transition poses significant challenges, particularly for small and medium-sized enterprises with limited resources.","During yesterday's conference, the keynote speaker made a compelling argument about how the integration of artificial intelligence and machine learning technologies into everyday business operations is not just a luxury but an absolute necessity for companies that wishes to remain competitive in an increasingly digital marketplace, although she did acknowledge that the transition poses significant challenges for small and medium-sized enterprises with limited resources.",4.950326204299927,0.05084745762711862
"The book, which spans nearly 600 pages and covers three decades of historical events through the lens of a single family's experiences, weaves together personal narratives with broader sociopolitical contexts in a manner that is both intellectually rigorous and emotionally engaging, making it a tour de force of literary fiction that has been rightfully recognized with numerous prestigious awards despite it's occasionally challenging narrative structure and dense prose style.","The book, which spans nearly 600 pages and covers three decades of historical events through the lens of a single family, weaves together personal narratives with broader sociopolitical contexts in a manner that is both intellectually rigorous and emotionally engaging, making it a tour de force of literary fiction.",5.083777666091919,0.33870967741935487
